{
  "sw_convolve": {
    "call_count": 171,
    "total_time": 0.3380973438906949
  },
  "CustomConv2D.call": {
    "call_count": 171,
    "total_time": 6.6969800259539625
  },
  "CustomDense.call": {
    "call_count": 114,
    "total_time": 0.45886165808769874
  }
}